0350,2025-01-25,409,11,3,0,93.3
10351,2025-04-20,408,19,4,0,4559.76
10352,2025-09-23,43,4,3,0.15,1013.88
10353,2025-10-21,204,18,4,0.05,3446.79
10354,2025-11-14,330,1,3,0,203.82
10355,2025-06-17,290,1,3,0,203.82
10356,2025-09-05,307,12,5,0,3254.95
10357,2025-09-29,258,3,3,0.1,702.81
10358,2025-07-19,374,5,4,0.15,3112.33
10359,2025-04-16,26,13,5,0.15,5099.53
10360,2025-05-28,326,6,1,0.1,413.93
10361,2025-02-16,482,4,5,0.05,1888.6
10362,2025-01-19,442,9,4,0,1234.84
10363,2025-09-20,379,16,5,0,4696.15
10364,2025-12-02,262,18,1,0.1,816.35
10365,2025-02-15,258,7,1,0,904.4
10366,2025-08-24,492,4,5,0.05,1888.6
10367,2025-10-11,309,5,2,0,1830.78
10368,2025-02-11,108,8,2,0.05,1899.33
10369,2025-09-13,200,16,2,0.05,1784.54
10370,2025-09-23,2,7,3,0.1,2441.88
10371,2025-03-31,64,14,4,0,1700.6
10372,2025-02-17,491,9,2,0.05,586.55
10373,2025-09-12,406,6,4,0,1839.68
10374,2025-06-11,74,7,4,0,3617.6
10375,2025-05-11,359,16,2,0,1878.46
10376,2025-03-19,347,10,1,0.15,89.79
10377,2025-01-18,130,6,4,0.15,1563.73
10378,2025-05-14,123,16,1,0.05,892.27
10379,2025-08-22,333,17,1,0.15,667.16
10380,2025-05-28,363,20,2,0.05,466.72
10381,2025-10-18,26,11,2,0.05,59.09
10382,2025-10-22,116,1,3,0.05,193.63
10383,2025-09-09,353,18,4,0.15,3083.97
10384,2025-04-25,410,20,4,0.05,933.43
10385,2025-09-08,344,6,2,0.1,827.86
10386,2025-08-21,300,12,2,0,1301.98
10387,2025-08-05,267,4,1,0,397.6
10388,2025-02-13,299,5,2,0.05,1739.24
10389,2025-12-04,54,4,1,0,397.6
10390,2025-01-26,336,7,1,0,904.4
10391,2025-04-07,244,11,3,0,93.3
10392,2025-07-27,92,9,5,0.05,1466.37
10393,2025-05-28,489,17,1,0,784.89
10394,2025-03-06,109,5,2,0,1830.78
10395,2025-01-18,439,6,5,0.1,2069.64
10396,2025-09-26,403,8,3,0.1,2699.05
10397,2025-06-05,31,19,2,0.15,1937.9
10398,2025-05-08,426,4,4,0,1590.4
10399,2025-10-15,270,12,4,0.15,2213.37
10400,2025-11-13,106,16,2,0,1878.46
10401,2025-08-06,116,4,5,0,1988.0
10402,2025-11-29,72,13,1,0.15,1019.91
10403,2025-11-02,4,20,2,0.1,442.15
10404,2025-02-24,35,12,5,0,3254.95
10405,2025-10-06,39,15,3,0.05,2231.46
10406,2025-10-06,366,20,5,0,1228.2
10407,2025-04-12,277,1,4,0.05,258.17
10408,2025-04-29,333,15,5,0,3914.85
10409,2025-04-17,50,8,4,0,3998.6
10410,2025-10-22,344,9,3,0.1,833.52
10411,2025-07-07,87,10,3,0.05,301.05
10412,2025-09-07,16,15,1,0,782.97
10413,2025-07-02,165,8,3,0.15,2549.11
10414,2025-04-15,266,5,3,0.15,2334.24
10415,2025-12-08,371,4,1,0.15,337.96
10416,2025-04-02,15,18,5,0,4535.25
10417,2025-01-30,265,11,2,0.15,52.87
10418,2025-09-04,144,16,5,0.15,3991.73
10419,2025-06-24,392,6,5,0.1,2069.64
10420,2025-04-23,377,12,4,0,2603.96
10421,2025-05-31,191,14,1,0.05,403.89
10422,2025-04-21,453,8,1,0.1,899.68
10423,2025-07-15,396,1,4,0.1,244.58
10424,2025-02-01,349,16,4,0,3756.92
10425,2025-02-16,392,8,1,0.15,849.7
10426,2025-08-09,404,3,1,0,260.3
10427,2025-06-20,494,19,3,0,3419.82
10428,2025-05-06,14,20,4,0,982.56
10429,2025-04-08,372,4,3,0,1192.8
10430,2025-09-10,118,16,5,0,4696.15
10431,2025-01-05,498,15,2,0.1,1409.35
10432,2025-01-15,293,7,4,0,3617.6
10433,2025-10-25,416,18,2,0,1814.1
10434,2025-05-27,459,1,3,0.15,173.25
10435,2025-09-02,67,2,2,0,919.78
10436,2025-05-19,201,6,4,0.05,1747.7
10437,2025-08-09,66,10,5,0.05,501.74
10438,2025-05-05,478,16,2,0.05,1784.54
10439,2025-02-01,451,11,4,0.05,118.18
10440,2025-10-22,428,5,5,0,4576.95
10441,2025-07-16,172,8,4,0.15,3398.81
10442,2025-03-08,326,4,1,0.1,357.84
10443,2025-11-15,82,2,3,0.1,1241.7
10444,2025-01-12,281,20,2,0.05,466.72
10445,2025-01-06,357,11,5,0,155.5
10446,2025-08-01,292,20,5,0.05,1166.79
10447,2025-08-11,143,11,3,0.1,83.97
10448,2025-02-10,381,18,4,0.05,3446.79
10449,2025-01-18,151,6,3,0.05,1310.77
10450,2025-02-13,29,12,3,0.05,1855.32
10451,2025-05-24,215,16,1,0.15,798.35
10452,2025-01-25,403,6,1,0.1,413.93
10453,2025-06-11,331,16,5,0.15,3991.73
10454,2025-01-19,348,8,1,0,999.65
10455,2025-11-18,115,9,1,0.05,293.27
10456,2025-06-28,448,2,5,0,2299.45
10457,2025-01-10,199,16,5,0,4696.15
10458,2025-05-20,432,9,4,0.05,1173.1
10459,2025-05-12,159,17,1,0,784.89
10460,2025-05-31,7,2,1,0,459.89
10461,2025-05-11,150,14,3,0.05,1211.68
10462,2025-07-17,320,15,5,0,3914.85
10463,2025-08-14,152,18,3,0,2721.15
10464,2025-01-10,185,14,3,0.15,1084.13
10465,2025-03-14,298,20,3,0.1,663.23
10466,2025-06-11,218,5,4,0.1,3295.4
10467,2025-04-09,31,3,5,0,1301.5
10468,2025-11-05,357,16,3,0,2817.69
10469,2025-02-27,46,17,2,0,1569.78
10470,2025-06-30,406,13,2,0.05,2279.79
10471,2025-12-12,31,18,1,0.05,861.7
10472,2025-11-05,290,11,1,0.05,29.55
10473,2025-06-23,124,4,1,0.1,357.84
10474,2025-09-12,445,3,3,0,780.9
10475,2025-12-17,324,14,3,0.1,1147.9
10476,2025-12-05,487,16,4,0,3756.92
10477,2025-11-17,420,4,1,0,397.6
10478,2025-12-25,398,6,2,0,919.84
10479,2025-07-25,299,15,4,0,3131.88
10480,2025-06-07,84,12,4,0,2603.96
10481,2025-05-11,212,17,3,0.05,2236.94
10482,2025-08-03,195,19,3,0.05,3248.83
10483,2025-11-07,390,17,2,0.05,1491.29
10484,2025-02-13,350,10,5,0,528.15
10485,2025-02-04,95,17,1,0,784.89
10486,2025-11-20,443,15,2,0.05,1487.64
10487,2025-09-10,483,9,5,0,1543.55
10488,2025-08-23,400,19,3,0.15,2906.85
10489,2025-06-03,48,9,5,0.15,1312.02
10490,2025-01-03,157,1,5,0.05,322.71
10491,2025-10-06,197,11,3,0.1,83.97
10492,2025-03-21,121,19,3,0.15,2906.85
10493,2025-09-11,380,17,5,0,3924.45
10494,2025-05-05,330,16,4,0.1,3381.23
10495,2025-08-03,342,16,3,0.15,2395.04
10496,2025-08-20,241,7,5,0,4522.0
10497,2025-05-21,165,8,2,0.05,1899.33
10498,2025-02-21,58,19,5,0.1,5129.73
10499,2025-03-06,63,14,5,0.15,1806.89
10500,2025-08-15,229,10,4,0.1,380.27
10501,2025-12-22,222,14,4,0,1700.6
10502,2025-02-11,355,20,5,0,1228.2
10503,2025-07-06,308,7,2,0.1,1627.92
10504,2025-03-06,430,9,3,0.15,787.21
10505,2025-04-18,337,20,1,0.1,221.08
10506,2025-09-12,223,19,1,0.15,968.95
10507,2025-08-04,407,12,4,0.05,2473.76
10508,2025-01-14,295,4,3,0.1,1073.52
10509,2025-10-30,376,7,4,0.1,3255.84
10510,2025-05-23,24,10,4,0.1,380.27
10511,2025-02-26,495,16,3,0,2817.69
10512,2025-08-28,182,15,1,0,782.97
10513,2025-01-10,497,12,1,0.05,618.44
10514,2025-05-12,189,10,5,0.05,501.74
10515,2025-12-21,19,20,5,0.15,1043.97
10516,2025-06-15,165,15,2,0.05,1487.64
10517,2025-09-09,200,7,3,0.05,2577.54
10518,2025-05-18,479,18,3,0.05,2585.09
10519,2025-12-30,376,11,4,0.1,111.96
10520,2025-04-18,483,14,2,0.05,807.78
10521,2025-04-05,354,9,1,0.05,293.27
10522,2025-06-24,14,19,2,0,2279.88
10523,2025-03-24,352,15,4,0.1,2818.69
10524,2025-11-17,67,17,2,0.1,1412.8
10525,2025-06-17,200,19,5,0.15,4844.75
10526,2025-10-12,255,2,5,0.05,2184.48
10527,2025-11-27,431,6,4,0.1,1655.71
10528,2025-07-29,12,8,4,0.15,3398.81
10529,2025-11-22,277,1,2,0.1,122.29
10530,2025-05-16,223,10,5,0,528.15
10531,2025-05-27,329,20,2,0.05,466.72
10532,2025-09-04,24,2,5,0.1,2069.51
10533,2025-08-10,411,4,3,0,1192.8
10534,2025-08-28,245,16,5,0.05,4461.34
10535,2025-09-09,72,9,1,0.1,277.84
10536,2025-02-03,148,19,5,0,5699.7
10537,2025-12-15,200,7,4,0.15,3074.96
10538,2025-12-18,171,1,4,0,271.76
10539,2025-04-01,176,20,3,0,736.92
10540,2025-11-07,51,13,1,0.05,1139.9
10541,2025-09-01,219,20,5,0,1228.2
10542,2025-09-18,246,20,2,0,491.28
10543,2025-12-09,28,16,1,0,939.23
10544,2025-04-11,269,3,2,0.05,494.57
10545,2025-01-10,423,19,2,0,2279.88
10546,2025-06-03,485,16,2,0,1878.46
10547,2025-10-21,426,14,2,0.05,807.78
10548,2025-02-20,320,10,5,0,528.15
10549,2025-12-11,47,13,5,0.05,5699.48
10550,2025-11-10,465,20,1,0,245.64
10551,2025-10-21,331,6,3,0.1,1241.78
10552,2025-01-21,462,9,2,0,617.42
10553,2025-03-21,55,18,5,0.1,4081.72
10554,2025-05-15,307,4,4,0.05,1510.88
10555,2025-02-19,303,12,1,0,650.99
10556,2025-04-29,15,7,5,0,4522.0
10557,2025-07-17,189,20,4,0.1,884.3
10558,2025-05-10,331,19,2,0,2279.88
10559,2025-04-07,294,10,5,0,528.15
10560,2025-07-02,370,16,3,0,2817.69
10561,2025-06-03,272,17,4,0,3139.56
10562,2025-05-04,243,16,3,0.15,2395.04
10563,2025-01-28,323,11,2,0,62.2
10564,2025-08-18,418,6,4,0,1839.68
10565,2025-08-21,351,3,5,0,1301.5
10566,2025-07-25,417,3,2,0.05,494.57
10567,2025-06-30,24,11,2,0,62.2
10568,2025-11-13,218,15,5,0,3914.85
10569,2025-12-12,143,10,5,0,528.15
10570,2025-03-15,354,15,4,0.15,2662.1
10571,2025-12-29,368,15,4,0.15,2662.1
10572,2025-09-19,454,8,5,0.15,4248.51
10573,2025-11-01,427,9,1,0,308.71
10574,2025-08-12,438,17,4,0,3139.56
10575,2025-09-03,260,16,3,0.1,2535.92
10576,2025-07-16,404,18,5,0,4535.25
10577,2025-01-10,27,10,4,0.1,380.27
10578,2025-11-02,361,6,4,0.15,1563.73
10579,2025-06-10,491,13,2,0.05,2279.79
10580,2025-09-06,52,11,2,0,62.2
10581,2025-01-26,341,17,2,0,1569.78
10582,2025-05-16,147,1,1,0,67.94
10583,2025-10-18,236,4,1,0,397.6
10584,2025-05-08,305,9,2,0.1,555.68
10585,2025-08-05,29,6,3,0.1,1241.78
10586,2025-05-30,271,4,5,0.1,1789.2
10587,2025-06-12,114,12,1,0,650.99
10588,2025-07-09,299,7,2,0,1808.8
10589,2025-01-16,339,3,1,0.05,247.28
10590,2025-07-09,262,10,4,0.1,380.27
10591,2025-02-16,432,8,2,0.1,1799.37
10592,2025-12-24,30,2,1,0.1,413.9
10593,2025-04-08,141,19,1,0.1,1025.95
10594,2025-01-15,185,14,4,0,1700.6
10595,2025-02-23,4,6,4,0,1839.68
10596,2025-05-01,233,7,5,0.1,4069.8
10597,2025-02-12,416,2,1,0,459.89
10598,2025-10-17,339,10,2,0.1,190.13
10599,2025-10-10,81,3,5,0,1301.5
10600,2025-12-13,471,6,3,0,1379.76
10601,2025-02-09,1,14,2,0.15,722.75
10602,2025-05-19,196,11,5,0.1,139.95
10603,2025-01-28,475,13,2,0.05,2279.79
10604,2025-05-19,438,3,2,0.05,494.57
10605,2025-05-22,278,2,4,0,1839.56
10606,2025-12-31,33,18,1,0,907.05
10607,2025-06-23,490,10,1,0,105.63
10608,2025-05-05,458,11,1,0,31.1
10609,2025-11-09,293,11,4,0,124.4
10610,2025-09-04,426,5,4,0.15,3112.33
10611,2025-12-26,400,7,3,0.1,2441.88
10612,2025-08-12,249,20,4,0,982.56
10613,2025-05-12,434,11,5,0.05,147.72
10614,2025-06-12,193,5,4,0.05,3478.48
10615,2025-03-28,5,9,2,0.05,586.55
10616,2025-01-30,206,9,4,0.15,1049.61
10617,2025-12-06,449,9,5,0.1,1389.19
10618,2025-09-09,388,4,3,0.05,1133.16
10619,2025-09-23,451,4,2,0.1,715.68
10620,2025-02-25,398,16,1,0.05,892.27
10621,2025-02-19,288,18,4,0,3628.2
10622,2025-01-11,189,18,1,0.15,770.99
10623,2025-07-01,256,11,4,0,124.4
10624,2025-07-25,286,6,4,0.15,1563.73
10625,2025-01-24,196,11,3,0.05,88.64
10626,2025-02-16,376,10,3,0.05,301.05
10627,2025-11-16,383,5,3,0,2746.17
10628,2025-09-10,384,13,1,0.15,1019.91
10629,2025-12-25,276,2,3,0,1379.67
10630,2025-03-05,34,11,2,0.1,55.98
10631,2025-12-03,343,17,4,0,3139.56
10632,2025-05-10,211,17,5,0.1,3532.01
10633,2025-03-15,23,10,3,0,316.89
10634,2025-12-07,211,19,5,0,5699.7
10635,2025-01-03,151,5,4,0.1,3295.4
10636,2025-02-10,338,18,4,0,3628.2
10637,2025-10-01,23,14,1,0.05,403.89
10638,2025-07-04,113,14,5,0.1,1913.17
10639,2025-11-02,79,8,4,0.1,3598.74
10640,2025-12-16,211,4,1,0.05,377.72
10641,2025-08-24,129,4,1,0.05,377.72
10642,2025-09-11,20,1,4,0,271.76
10643,2025-06-28,42,15,1,0.15,665.52
10644,2025-01-03,451,1,4,0.1,244.58
10645,2025-04-02,284,9,5,0.05,1466.37
10646,2025-07-05,499,12,4,0.1,2343.56
10647,2025-11-17,53,17,4,0.1,2825.6
10648,2025-08-10,247,2,4,0.1,1655.6
10649,2025-11-06,68,3,2,0,520.6
10650,2025-06-03,284,8,5,0,4998.25
10651,2025-01-06,133,7,5,0,4522.0
10652,2025-03-23,57,12,4,0,2603.96
10653,2025-11-15,382,12,4,0.15,2213.37
10654,2025-08-05,114,7,4,0.05,3436.72
10655,2025-09-26,402,2,5,0,2299.45
10656,2025-06-26,88,2,5,0.15,1954.53
10657,2025-05-27,414,9,4,0.1,1111.36
10658,2025-10-04,303,18,1,0,907.05
10659,2025-06-25,91,6,4,0,1839.68
10660,2025-04-21,32,18,4,0,3628.2
10661,2025-10-14,381,1,5,0,339.7
10662,2025-09-09,77,12,1,0,650.99
10663,2025-11-29,436,13,2,0,2399.78
10664,2025-05-04,377,13,4,0,4799.56
10665,2025-06-22,116,12,5,0.05,3092.2
10666,2025-02-24,454,20,3,0,736.92
10667,2025-07-13,201,15,1,0.1,704.67
10668,2025-03-19,362,14,5,0.1,1913.17
10669,2025-10-05,449,12,4,0,2603.96
10670,2025-03-09,198,2,3,0,1379.67
10671,2025-09-20,442,13,4,0,4799.56
10672,2025-02-01,475,5,5,0,4576.95
10673,2025-05-22,92,11,3,0,93.3
10674,2025-01-11,413,18,4,0.15,3083.97
10675,2025-11-10,138,1,4,0.15,231.0
10676,2025-04-15,410,15,5,0.1,3523.37
10677,2025-10-02,467,4,2,0.05,755.44
10678,2025-01-29,457,4,1,0,397.6
10679,2025-06-15,224,13,5,0.05,5699.48
10680,2025-05-04,264,10,5,0,528.15
10681,2025-01-03,489,1,3,0.1,183.44
10682,2025-12-26,32,8,3,0.1,2699.05
10683,2025-11-08,1,18,4,0,3628.2
10684,2025-10-17,197,9,2,0.1,555.68
10685,2025-01-03,191,20,3,0.05,700.07
10686,2025-01-27,240,20,3,0.15,626.38
10687,2025-01-30,421,8,3,0.1,2699.05
10688,2025-09-08,8,5,5,0.15,3890.41
10689,2025-08-22,13,6,4,0.05,1747.7
10690,2025-04-07,189,4,1,0,397.6
10691,2025-03-02,165,2,5,0.15,1954.53
10692,2025-09-09,475,11,3,0.05,88.64
10693,2025-10-05,247,7,5,0,4522.0
10694,2025-04-03,278,10,4,0.05,401.39
10695,2025-03-23,13,13,5,0,5999.45
10696,2025-01-02,257,11,4,0,124.4
10697,2025-04-25,177,11,2,0,62.2
10698,2025-10-02,190,5,3,0,2746.17
10699,2025-01-29,164,12,1,0,650.99
10700,2025-05-10,169,6,4,0,1839.68
10701,2025-10-11,48,15,5,0.1,3523.37
10702,2025-01-07,345,12,3,0,1952.97
10703,2025-12-21,107,20,1,0.15,208.79
10704,2025-02-14,326,9,5,0,1543.55
10705,2025-05-29,184,3,1,0,260.3
10706,2025-09-10,12,1,3,0,203.82
10707,2025-02-04,141,12,3,0.1,1757.67
10708,2025-04-19,298,20,2,0,491.28
10709,2025-12-25,243,14,5,0,2125.75
10710,2025-10-15,402,13,5,0.15,5099.53
10711,2025-04-26,136,15,5,0.1,3523.37
10712,2025-04-14,429,20,1,0.15,208.79
10713,2025-12-12,480,5,3,0,2746.17
10714,2025-11-05,436,7,1,0.1,813.96
10715,2025-07-31,27,12,2,0.1,1171.78
10716,2025-08-13,416,2,1,0,459.89
10717,2025-04-15,155,4,4,0,1590.4
10718,2025-11-12,313,10,1,0,105.63
10719,2025-10-02,331,11,1,0.15,26.44
10720,2025-07-19,114,14,5,0.05,2019.46
10721,2025-08-09,446,7,3,0,2713.2
10722,2025-06-29,496,14,2,0,850.3
10723,2025-06-11,337,10,5,0.05,501.74
10724,2025-10-10,191,14,1,0.05,403.89
10725,2025-10-26,17,18,3,0,2721.15
10726,2025-07-15,470,10,2,0,211.26
10727,2025-11-13,274,15,5,0.15,3327.62
10728,2025-04-27,246,14,2,0,850.3
10729,2025-01-05,66,7,3,0,2713.2
10730,2025-05-04,415,7,2,0.15,1537.48
10731,2025-02-23,269,8,5,0.1,4498.43
10732,2025-06-16,3,5,1,0.15,778.08
10733,2025-09-11,372,5,1,0.05,869.62
10734,2025-06-08,3,1,2,0.15,115.5
10735,2025-07-14,470,14,4,0.15,1445.51
10736,2025-01-21,156,15,4,0,3131.88
10737,2025-03-24,200,2,4,0.05,1747.58
10738,2025-11-07,245,17,4,0.1,2825.6
10739,2025-09-15,104,14,1,0.05,403.89
10740,2025-04-10,106,16,5,0,4696.15
10741,2025-09-27,432,18,2,0,1814.1
10742,2025-10-16,98,2,4,0,1839.56
10743,2025-10-25,48,20,5,0,1228.2
10744,2025-09-13,151,15,1,0.1,704.67
10745,2025-09-26,186,4,4,0,1590.4
10746,2025-10-16,54,1,5,0.1,305.73
10747,2025-07-26,430,7,4,0.15,3074.96
10748,2025-09-16,479,6,1,0.1,413.93
10749,2025-07-18,279,19,1,0,1139.94
10750,2025-09-16,194,13,5,0,5999.45
10751,2025-09-07,449,6,5,0,2299.6
10752,2025-07-09,160,6,2,0.15,781.86
10753,2025-07-13,345,9,3,0.15,787.21
10754,2025-08-05,476,1,5,0,339.7
10755,2025-11-02,347,15,2,0,1565.94
10756,2025-02-21,324,10,5,0.15,448.93
10757,2025-11-06,403,15,4,0,3131.88
10758,2025-01-22,112,4,5,0,1988.0
10759,2025-05-16,272,7,5,0,4522.0
10760,2025-06-27,317,18,3,0.05,2585.09
10761,2025-08-22,466,17,5,0.15,3335.78
10762,2025-10-01,23,9,2,0,617.42
10763,2025-06-12,131,14,5,0.1,1913.17
10764,2025-11-21,470,15,2,0.1,1409.35
10765,2025-02-21,31,6,2,0,919.84
10766,2025-12-19,344,17,1,0.1,706.4
10767,2025-08-01,361,14,3,0,1275.45
10768,2025-10-23,164,20,4,0.05,933.43
10769,2025-09-29,114,1,4,0.15,231.0
10770,2025-08-16,5,7,5,0,4522.0
10771,2025-12-28,473,11,2,0.1,55.98
10772,2025-08-03,55,5,5,0.15,3890.41
10773,2025-05-28,255,1,1,0.05,64.54
10774,2025-09-07,403,11,5,0,155.5
10775,2025-04-13,121,15,1,0.05,743.82
10776,2025-03-03,420,6,4,0.05,1747.7
10777,2025-05-19,199,5,4,0.15,3112.33
10778,2025-05-10,309,9,2,0,617.42
10779,2025-09-12,428,4,5,0,1988.0
10780,2025-01-20,231,8,3,0.15,2549.11
10781,2025-08-11,245,14,2,0,850.3
10782,2025-01-08,271,10,4,0.15,359.14
10783,2025-05-10,141,13,1,0,1199.89
10784,2025-08-18,171,15,3,0.1,2114.02
10785,2025-03-13,497,13,1,0.15,1019.91
10786,2025-09-19,315,16,3,0.1,2535.92
10787,2025-06-11,176,5,3,0.05,2608.86
10788,2025-06-21,77,9,5,0.1,1389.19
10789,2025-03-31,206,15,5,0,3914.85
10790,2025-01-29,294,20,4,0,982.56
10791,2025-08-30,70,14,5,0.05,2019.46
10792,2025-12-08,23,14,1,0,425.15
10793,2025-02-23,161,9,2,0.15,524.81
10794,2025-04-30,84,15,5,0.1,3523.37
10795,2025-09-27,344,18,2,0,1814.1
10796,2025-04-14,316,5,5,0.15,3890.41
10797,2025-03-12,269,13,2,0.05,2279.79
10798,2025-08-05,332,9,5,0.1,1389.19
10799,2025-07-31,96,19,4,0,4559.76
10800,2025-07-04,31,8,4,0.05,3798.67
10801,2025-11-25,255,9,5,0,1543.55
10802,2025-04-13,287,10,4,0,422.52
10803,2025-10-24,362,10,2,0.1,190.13
10804,2025-04-29,75,16,3,0,2817.69
10805,2025-01-17,332,13,1,0,1199.89
10806,2025-07-31,77,14,3,0.1,1147.9
10807,2025-10-27,326,2,4,0,1839.56
10808,2025-01-19,146,20,5,0,1228.2
10809,2025-11-02,4,2,1,0.1,413.9
10810,2025-12-07,201,12,5,0.05,3092.2
10811,2025-06-09,159,11,2,0,62.2
10812,2025-08-31,28,4,5,0.05,1888.6
10813,2025-03-08,438,13,4,0.05,4559.58
10814,2025-01-03,442,6,3,0,1379.76
10815,2025-06-24,421,5,5,0.15,3890.41
10816,2025-12-18,260,15,2,0,1565.94
10817,2025-03-22,256,7,1,0.1,813.96
10818,2025-07-24,204,12,5,0,3254.95
10819,2025-01-31,24,15,5,0.1,3523.37
10820,2025-03-02,385,3,4,0,1041.2
10821,2025-01-01,110,9,2,0.05,586.55
10822,2025-07-28,18,1,3,0,203.82
10823,2025-08-04,76,15,3,0,2348.91
10824,2025-11-27,159,19,3,0.1,3077.84
10825,2025-08-09,174,5,3,0,2746.17
10826,2025-04-09,434,11,3,0.1,83.97
10827,2025-12-11,456,16,3,0,2817.69
10828,2025-01-08,42,14,2,0.15,722.75
10829,2025-06-30,192,19,2,0.15,1937.9
10830,2025-06-25,276,16,3,0.15,2395.04
10831,2025-09-10,328,18,3,0.15,2312.98
10832,2025-01-31,478,6,3,0,1379.76
10833,2025-06-15,345,12,2,0.15,1106.68
10834,2025-04-27,378,6,1,0,459.92
10835,2025-04-29,205,9,1,0,308.71
10836,2025-11-05,322,5,4,0.1,3295.4
10837,2025-05-31,361,9,3,0,926.13
10838,2025-10-31,117,5,3,0.05,2608.86
10839,2025-09-26,348,15,4,0.1,2818.69
10840,2025-12-29,355,10,1,0.05,100.35
10841,2025-08-21,439,16,2,0.05,1784.54
10842,2025-05-21,326,13,5,0.1,5399.51
10843,2025-04-19,77,17,3,0,2354.67
10844,2025-07-29,289,1,4,0,271.76
10845,2025-11-02,12,2,5,0.1,2069.51
10846,2025-05-30,287,10,2,0.15,179.57
10847,2025-10-24,261,6,5,0,2299.6
10848,2025-11-22,34,13,3,0,3599.67
10849,2025-09-15,63,5,2,0.1,1647.7
10850,2025-06-28,183,17,5,0.1,3532.01
10851,2025-04-03,497,2,3,0.15,1172.72
10852,2025-01-01,304,3,3,0.05,741.86
10853,2025-10-21,241,19,5,0,5699.7
10854,2025-05-14,186,17,2,0.05,1491.29
10855,2025-07-13,348,12,3,0,1952.97
10856,2025-04-25,334,5,3,0,2746.17
10857,2025-05-21,471,9,1,0.1,277.84
10858,2025-09-21,355,1,1,0.1,61.15
10859,2025-02-06,437,7,2,0.15,1537.48
10860,2025-11-29,169,20,3,0,736.92
10861,2025-10-04,166,15,3,0.05,2231.46
10862,2025-08-30,318,1,2,0,135.88
10863,2025-03-25,80,17,1,0,784.89
10864,2025-04-04,407,3,4,0.05,989.14
10865,2025-02-18,327,5,5,0,4576.95
10866,2025-05-15,164,9,4,0.15,1049.61
10867,2025-04-22,259,19,4,0.1,4103.78
10868,2025-01-30,27,16,3,0,2817.69
10869,2025-11-15,228,1,3,0,203.82
10870,2025-03-08,327,13,4,0,4799.56
10871,2025-07-27,95,15,2,0.05,1487.64
10872,2025-03-08,366,7,4,0.05,3436.72
10873,2025-01-02,232,5,4,0.15,3112.33
10874,2025-05-11,269,2,4,0,1839.56
10875,2025-11-15,247,17,2,0.1,1412.8
10876,2025-09-13,310,17,4,0.05,2982.58
10877,2025-11-14,84,7,5,0.15,3843.7
10878,2025-07-19,223,7,5,0,4522.0
10879,2025-06-03,416,17,3,0.05,2236.94
10880,2025-12-14,138,4,5,0.15,1689.8
10881,2025-09-17,345,8,3,0.1,2699.05
10882,2025-03-20,499,19,5,0,5699.7
10883,2025-11-06,205,5,1,0,915.39
10884,2025-02-23,215,12,3,0.15,1660.02
10885,2025-06-10,371,19,2,0.1,2051.89
10886,2025-08-17,476,10,5,0.1,475.33
10887,2025-07-04,491,4,3,0,1192.8
10888,2025-02-06,99,7,4,0.15,3074.96
10889,2025-02-06,482,8,2,0.05,1899.33
10890,2025-06-18,419,16,4,0,3756.92
10891,2025-02-18,316,14,4,0.1,1530.54
10892,2025-03-14,185,2,1,0,459.89
10893,2025-01-23,411,1,2,0.1,122.29
10894,2025-06-07,271,14,5,0.15,1806.89
10895,2025-12-10,183,17,4,0,3139.56
10896,2025-06-29,394,1,1,0,67.94
10897,2025-04-27,483,11,5,0,155.5
10898,2025-04-09,448,14,1,0.15,361.38
10899,2025-06-19,359,1,2,0.1,122.29
10900,2025-11-03,428,13,2,0,2399.78
10901,2025-08-28,374,18,5,0,4535.25
10902,2025-05-27,363,16,4,0,3756.92
10903,2025-09-21,92,13,5,0.1,5399.51
10904,2025-02-15,163,7,1,0.05,859.18
10905,2025-04-16,84,9,5,0.1,1389.19
10906,2025-08-16,69,1,3,0.1,183.44
10907,2025-02-19,309,7,3,0.05,2577.54
10908,2025-05-18,129,20,1,0.15,208.79
10909,2025-07-12,362,19,3,0.05,3248.83
10910,2025-11-30,497,19,4,0,4559.76
10911,2025-12-09,325,9,2,0.15,524.81
10912,2025-10-22,143,1,2,0.1,122.29
10913,2025-07-01,229,3,4,0,1041.2
10914,2025-09-28,341,14,3,0,1275.45
10915,2025-01-31,332,15,3,0,2348.91
10916,2025-03-21,459,18,3,0,2721.15
10917,2025-01-16,331,4,2,0,795.2
10918,2025-08-11,335,18,4,0,3628.2
10919,2025-07-01,10,16,5,0,4696.15
10920,2025-07-11,141,9,4,0.1,1111.36
10921,2025-11-14,488,3,4,0.1,937.08
10922,2025-12-18,373,15,4,0,3131.88
10923,2025-06-20,496,3,1,0.05,247.28
10924,2025-01-01,121,9,1,0,308.71
10925,2025-12-01,95,13,3,0.05,3419.69
10926,2025-12-22,233,13,3,0.1,3239.7
10927,2025-11-25,190,14,4,0.05,1615.57
10928,2025-04-09,382,15,2,0.15,1331.05
10929,2025-09-03,330,16,3,0,2817.69
10930,2025-06-22,392,2,1,0.1,413.9
10931,2025-11-11,267,11,1,0,31.1
10932,2025-01-28,124,8,5,0.05,4748.34
10933,2025-12-26,457,14,2,0,850.3
10934,2025-11-22,160,16,1,0.1,845.31
10935,2025-07-12,429,4,3,0,1192.8
10936,2025-04-23,436,15,1,0.05,743.82
10937,2025-03-26,105,10,5,0.15,448.93
10938,2025-12-30,1,16,5,0,4696.15
10939,2025-03-18,326,14,5,0,2125.75
10940,2025-11-29,32,19,4,0,4559.76
10941,2025-09-03,181,2,1,0,459.89
10942,2025-03-04,222,13,4,0.15,4079.63
10943,2025-08-10,28,8,4,0,3998.6
10944,2025-01-31,170,19,3,0,3419.82
10945,2025-12-03,62,15,5,0.1,3523.37
10946,2025-08-09,227,20,2,0,491.28
10947,2025-05-26,305,19,4,0.1,4103.78
10948,2025-11-15,17,19,4,0,4559.76
10949,2025-05-19,282,15,5,0.1,3523.37
10950,2025-03-18,424,3,2,0.15,442.51
10951,2025-04-23,442,17,1,0.15,667.16
10952,2025-10-05,343,16,5,0.05,4461.34
10953,2025-08-20,365,16,5,0.15,3991.73
10954,2025-03-20,261,17,3,0,2354.67
10955,2025-11-15,234,12,4,0.15,2213.37
10956,2025-10-03,380,13,4,0,4799.56
10957,2025-09-15,229,9,2,0,617.42
10958,2025-10-19,7,2,4,0,1839.56
10959,2025-05-12,461,11,4,0.05,118.18
10960,2025-01-09,303,12,1,0,650.99
10961,2025-07-16,437,7,4,0,3617.6
10962,2025-02-03,373,3,3,0.1,702.81
10963,2025-02-03,229,17,3,0,2354.67
10964,2025-10-01,275,6,2,0.05,873.85
10965,2025-06-07,386,13,5,0,5999.45
10966,2025-08-19,329,8,1,0.1,899.68
10967,2025-01-29,406,11,5,0.05,147.72
10968,2025-12-06,344,6,2,0,919.84
10969,2025-07-29,192,19,2,0.1,2051.89
10970,2025-04-25,276,3,1,0.15,221.25
10971,2025-02-24,33,12,5,0,3254.95
10972,2025-07-15,364,8,5,0,4998.25
10973,2025-08-14,14,9,5,0,1543.55
10974,2025-06-06,156,14,3,0.15,1084.13
10975,2025-06-27,135,2,5,0,2299.45
10976,2025-11-06,169,4,2,0.15,675.92
10977,2025-09-11,131,5,5,0.15,3890.41
10978,2025-12-27,454,3,1,0.15,221.25
10979,2025-08-11,352,6,5,0.15,1954.66
10980,2025-11-16,28,1,5,0.1,305.73
10981,2025-11-24,491,2,4,0.15,1563.63
10982,2025-06-07,38,10,1,0.1,95.07
10983,2025-07-19,459,14,1,0,425.15
10984,2025-12-17,245,15,2,0.15,1331.05
10985,2025-01-02,143,6,4,0.1,1655.71
10986,2025-01-16,26,18,3,0.15,2312.98
10987,2025-10-11,381,12,2,0.05,1236.88
10988,2025-05-11,348,1,5,0.1,305.73
10989,2025-12-26,249,19,3,0.1,3077.84
10990,2025-01-04,91,10,1,0,105.63
10991,2025-02-12,31,7,3,0,2713.2
10992,2025-07-31,383,17,1,0.1,706.4
10993,2025-10-13,178,19,5,0.1,5129.73
10994,2025-12-18,92,5,3,0.15,2334.24
10995,2025-08-03,156,15,3,0,2348.91
10996,2025-10-29,313,9,3,0.15,787.21
10997,2025-04-03,478,7,3,0,2713.2
10998,2025-01-20,307,19,1,0,1139.94
10999,2025-04-29,70,13,2,0.05,2279.79
11000,2025-03-10,478,20,2,0.1,442.15
11001,2025-12-24,471,16,4,0,3756.92
11002,2025-10-23,273,11,3,0,93.3
11003,2025-03-30,217,17,2,0.15,1334.31
11004,2025-07-09,338,12,3,0,1952.97
11005,2025-05-12,356,9,5,0,1543.55
11006,2025-09-25,47,8,1,0,999.65
11007,2025-11-28,62,11,3,0.1,83.97
11008,2025-05-22,208,20,1,0.05,233.36
11009,2025-04-18,446,4,5,0.15,1689.8
11010,2025-07-08,391,12,2,0,1301.98
11011,2025-08-29,464,7,3,0,2713.2
11012,2025-11-09,259,7,4,0,3617.6
11013,2025-06-13,61,15,2,0.05,1487.64
11014,2025-03-17,77,8,3,0,2998.95
11015,2025-02-19,129,5,2,0.15,1556.16
11016,2025-10-22,179,16,4,0.05,3569.07
11017,2025-03-26,483,14,5,0,2125.75
11018,2025-04-25,252,7,3,0,2713.2
11019,2025-12-30,7,14,3,0.05,1211.68
11020,2025-09-25,395,11,1,0.05,29.55
11021,2025-03-29,401,17,5,0.05,3728.23
11022,2025-12-14,22,16,5,0,4696.15
11023,2025-04-06,266,13,3,0.05,3419.69
11024,2025-04-03,268,15,5,0,3914.85
11025,2025-01-12,445,15,4,0,3131.88
11026,2025-09-17,323,12,4,0,2603.96
11027,2025-09-26,195,1,1,0.05,64.54
11028,2025-03-10,181,18,2,0.1,1632.69
11029,2025-12-28,74,7,1,0.1,813.96
11030,2025-01-11,236,12,1,0,650.99
11031,2025-03-11,190,7,4,0,3617.6
11032,2025-06-03,398,7,1,0.05,859.18
11033,2025-09-02,480,15,3,0.1,2114.02
11034,2025-09-18,436,18,4,0,3628.2
11035,2025-02-15,377,16,2,0.1,1690.61
11036,2025-10-03,303,19,4,0,4559.76
11037,2025-12-20,269,1,3,0,203.82
11038,2025-10-04,260,6,5,0.15,1954.66
11039,2025-04-01,379,3,2,0,520.6
11040,2025-07-19,338,20,3,0.1,663.23
11041,2025-04-10,353,12,4,0.1,2343.56
11042,2025-06-20,139,10,1,0,105.63
11043,2025-07-16,321,11,2,0,62.2
11044,2025-10-05,79,1,2,0.05,129.09
11045,2025-05-12,396,14,3,0,1275.45
11046,2025-12-18,302,19,4,0,4559.76
11047,2025-01-30,108,17,4,0,3139.56
11048,2025-01-23,287,13,4,0.15,4079.63
11049,2025-11-06,304,7,5,0.05,4295.9
11050,2025-01-19,175,3,4,0.15,885.02
11051,2025-03-19,103,17,5,0,3924.45
11052,2025-03-16,37,13,5,0.15,5099.53
11053,2025-01-08,375,13,3,0,3599.67
11054,2025-07-11,249,17,4,0,3139.56
11055,2025-05-06,385,2,4,0,1839.56
11056,2025-07-04,325,1,4,0.15,231.0
11057,2025-04-01,171,14,3,0,1275.45
11058,2025-07-16,352,19,5,0.05,5414.72
11059,2025-04-20,38,5,3,0,2746.17
11060,2025-10-07,281,17,5,0.15,3335.78
11061,2025-12-13,346,1,5,0.15,288.75
11062,2025-07-16,389,17,1,0.15,667.16
11063,2025-01-02,36,3,4,0,1041.2
11064,2025-03-31,145,20,2,0.1,442.15
11065,2025-07-31,14,8,5,0,4998.25
11066,2025-10-13,260,11,5,0.05,147.72
11067,2025-04-18,134,9,4,0,1234.84
11068,2025-04-12,400,4,2,0.1,715.68
11069,2025-09-11,440,16,4,0,3756.92
11070,2025-04-25,443,18,1,0.15,770.99
11071,2025-01-29,39,17,3,0,2354.67
11072,2025-12-24,263,10,2,0,211.26
11073,2025-08-29,395,19,5,0.1,5129.73
11074,2025-09-20,169,13,3,0,3599.67
11075,2025-03-04,61,18,5,0,4535.25
11076,2025-08-30,34,17,3,0.1,2119.2
11077,2025-02-16,86,20,2,0,491.28
11078,2025-07-17,63,6,3,0.15,1172.8
11079,2025-06-08,355,15,4,0,3131.88
11080,2025-03-09,112,2,2,0,919.78
11081,2025-09-08,69,3,5,0,1301.5
11082,2025-06-07,230,1,2,0,135.88
11083,2025-09-10,445,5,3,0.15,2334.24
11084,2025-02-17,279,18,1,0.15,770.99
11085,2025-03-27,163,20,1,0.1,221.08
11086,2025-05-14,112,1,1,0.1,61.15
11087,2025-08-21,177,5,2,0.1,1647.7
11088,2025-10-18,46,18,1,0,907.05
11089,2025-04-26,295,12,1,0,650.99
11090,2025-08-24,10,3,5,0,1301.5
11091,2025-02-02,388,11,2,0.1,55.98
11092,2025-03-21,445,6,2,0.15,781.86
11093,2025-02-08,334,1,2,0.1,122.29
11094,2025-04-01,489,2,1,0.15,390.91
11095,2025-02-16,335,18,5,0.05,4308.49
11096,2025-05-22,3,3,4,0.15,885.02
11097,2025-12-27,199,3,2,0.1,468.54
11098,2025-09-11,19,15,2,0.1,1409.35
11099,2025-11-20,81,2,3,0.05,1310.69
11100,2025-10-10,25,19,1,0.1,1025.95
11101,2025-12-20,377,7,3,0,2713.2
11102,2025-07-05,124,7,1,0,904.4
11103,2025-12-30,489,13,2,0.1,2159.8
11104,2025-02-04,68,11,1,0.05,29.55
11105,2025-05-20,432,19,4,0,4559.76
11106,2025-01-19,249,8,3,0,2998.95
11107,2025-02-21,415,11,2,0,62.2
11108,2025-01-16,337,5,5,0.1,4119.26
11109,2025-01-29,227,7,5,0,4522.0
11110,2025-09-02,151,1,3,0,203.82
11111,2025-06-23,327,7,5,0.1,4069.8
11112,2025-05-03,213,11,2,0.15,52.87
11113,2025-07-16,26,8,2,0.15,1699.4
11114,2025-09-04,490,12,3,0,1952.97
11115,2025-02-21,114,20,5,0.05,1166.79
11116,2025-01-10,448,17,1,0,784.89
11117,2025-06-02,408,18,1,0.1,816.35
11118,2025-09-07,73,13,3,0,3599.67
11119,2025-08-09,48,10,5,0,528.15
11120,2025-05-18,332,4,4,0.05,1510.88
11121,2025-04-26,3,1,5,0.05,322.71
11122,2025-07-04,394,12,5,0.05,3092.2
11123,2025-11-26,199,10,2,0,211.26
11124,2025-02-24,51,17,5,0,3924.45
11125,2025-03-28,72,7,1,0,904.4
11126,2025-02-23,193,12,5,0.15,2766.71
11127,2025-01-04,281,20,4,0,982.56
11128,2025-02-27,432,20,4,0.05,933.43
11129,2025-06-25,17,15,1,0.15,665.52
11130,2025-07-19,474,6,4,0.1,1655.71
11131,2025-01-11,325,12,3,0.1,1757.67
11132,2025-11-28,49,13,2,0,2399.78
11133,2025-11-18,345,17,3,0,2354.67
11134,2025-12-12,376,20,4,0.05,933.43
11135,2025-11-22,218,18,5,0.1,4081.72
11136,2025-01-06,402,6,2,0,919.84
11137,2025-09-06,132,18,1,0,907.05
11138,2025-07-16,425,8,3,0,2998.95
11139,2025-07-12,146,16,3,0,2817.69
11140,2025-03-15,130,10,4,0,422.52
11141,2025-08-13,352,19,3,0.05,3248.83
11142,2025-06-01,112,3,3,0.15,663.77
11143,2025-01-08,189,12,5,0,3254.95
11144,2025-11-18,26,5,5,0,4576.95
11145,2025-06-29,219,19,3,0.1,3077.84
11146,2025-08-06,101,11,3,0,93.3
11147,2025-12-19,416,15,2,0.15,1331.05
11148,2025-07-31,131,7,1,0,904.4
11149,2025-01-13,489,20,5,0.15,1043.97
11150,2025-05-14,482,6,3,0,1379.76
11151,2025-03-01,331,17,3,0.1,2119.2
11152,2025-08-15,341,10,1,0,105.63
11153,2025-08-03,429,7,1,0.1,813.96
11154,2025-09-09,152,4,1,0.1,357.84
11155,2025-03-30,7,6,3,0,1379.76
11156,2025-04-14,172,11,1,0,31.1
11157,2025-08-19,131,3,4,0,1041.2
11158,2025-01-15,96,18,5,0.05,4308.49
11159,2025-09-09,154,3,3,0.05,741.86
11160,2025-02-19,348,2,4,0,1839.56
11161,2025-01-19,230,20,3,0.15,626.38
11162,2025-03-26,138,18,5,0,4535.25
11163,2025-11-11,229,7,2,0,1808.8
11164,2025-07-27,387,20,5,0,1228.2
11165,2025-03-25,14,18,5,0.1,4081.72
11166,2025-08-11,334,12,1,0,650.99
11167,2025-07-15,416,2,3,0.1,1241.7
11168,2025-09-03,143,14,4,0.05,1615.57
11169,2025-07-02,238,18,4,0,3628.2
11170,2025-10-12,170,2,3,0.05,1310.69
11171,2025-11-29,30,3,3,0,780.9
11172,2025-10-25,407,19,5,0,5699.7
11173,2025-01-08,183,15,5,0.15,3327.62
11174,2025-09-21,453,6,4,0,1839.68
11175,2025-09-24,5,5,3,0.05,2608.86
11176,2025-05-09,392,4,2,0.15,675.92
11177,2025-06-15,347,5,3,0,2746.17
11178,2025-04-06,6,8,5,0.1,4498.43
11179,2025-03-02,173,19,5,0,5699.7
11180,2025-09-28,441,19,1,0.05,1082.94
11181,2025-04-16,96,17,5,0,3924.45
11182,2025-04-10,436,11,1,0.1,27.99
11183,2025-01-08,251,8,5,0,4998.25
11184,2025-04-27,416,2,5,0.15,1954.53
11185,2025-02-23,149,1,4,0.1,244.58
11186,2025-10-31,238,13,2,0,2399.78
11187,2025-01-09,298,4,3,0,1192.8
11188,2025-02-21,433,16,5,0.1,4226.53
11189,2025-07-01,18,20,4,0.05,933.43
11190,2025-06-28,498,10,3,0,316.89
11191,2025-10-30,436,14,1,0.05,403.89
11192,2025-08-21,127,17,4,0.1,2825.6
11193,2025-11-26,107,18,3,0,2721.15
11194,2025-07-10,60,11,4,0.1,111.96
11195,2025-06-11,218,20,5,0.1,1105.38
11196,2025-10-16,320,6,4,0,1839.68
11197,2025-04-27,378,14,2,0.1,765.27
11198,2025-05-16,112,6,2,0.1,827.86
11199,2025-04-08,388,2,5,0,2299.45
11200,2025-06-17,293,2,4,0.1,1655.6
11201,2025-12-16,392,11,1,0.05,29.55
11202,2025-06-07,33,8,2,0,1999.3
11203,2025-07-23,458,15,5,0,3914.85
11204,2025-09-17,77,19,4,0.1,4103.78
11205,2025-02-13,416,18,4,0,3628.2
11206,2025-11-18,478,12,1,0.15,553.34
11207,2025-01-04,53,16,2,0.05,1784.54
11208,2025-08-08,96,8,2,0.1,1799.37
11209,2025-08-25,129,7,2,0.15,1537.48
11210,2025-04-22,24,3,1,0.15,221.25
11211,2025-05-28,135,7,1,0,904.4
11212,2025-03-03,177,16,4,0.15,3193.38
11213,2025-03-05,74,14,1,0,425.15
11214,2025-08-25,380,10,4,0,422.52
11215,2025-04-15,13,15,3,0.1,2114.02
11216,2025-04-28,276,16,3,0.05,2676.81
11217,2025-06-15,62,9,3,0.1,833.52
11218,2025-08-20,446,10,2,0,211.26
11219,2025-07-22,334,4,5,0.15,1689.8
11220,2025-04-01,168,19,4,0.1,4103.78
11221,2025-11-23,119,16,1,0,939.23
11222,2025-11-06,280,17,3,0,2354.67
11223,2025-01-24,281,7,1,0.05,859.18
11224,2025-08-31,281,12,5,0,3254.95
11225,2025-08-10,208,12,1,0.15,553.34
11226,2025-12-14,272,2,3,0,1379.67
11227,2025-01-20,261,20,2,0.05,466.72
11228,2025-04-05,146,13,5,0.15,5099.53
11229,2025-08-10,401,6,1,0.1,413.93
11230,2025-12-21,106,9,4,0,1234.84
11231,2025-08-23,475,18,2,0.1,1632.69
11232,2025-02-10,428,7,3,0.15,2306.22
11233,2025-09-22,100,3,1,0,260.3
11234,2025-03-19,232,5,5,0,4576.95
11235,2025-06-06,267,1,3,0,203.82
11236,2025-01-02,333,8,5,0,4998.25
11237,2025-02-27,142,19,1,0.1,1025.95
11238,2025-07-31,147,16,3,0.15,2395.04
11239,2025-04-12,95,16,5,0.1,4226.53
11240,2025-04-15,285,4,2,0.1,715.68
11241,2025-12-24,333,5,2,0.1,1647.7
11242,2025-02-22,415,18,5,0,4535.25
11243,2025-04-17,187,12,5,0,3254.95
11244,2025-10-01,187,17,2,0,1569.78
11245,2025-02-15,478,6,2,0.1,827.86
11246,2025-07-28,250,3,1,0,260.3
11247,2025-06-09,126,17,1,0.1,706.4
11248,2025-08-21,389,17,4,0,3139.56
11249,2025-09-10,80,17,3,0.15,2001.47
11250,2025-03-23,8,16,4,0.05,3569.07
11251,2025-02-06,272,17,1,0.05,745.65
11252,2025-05-08,356,1,5,0,339.7
11253,2025-10-02,214,16,1,0,939.23
11254,2025-12-09,272,17,2,0.1,1412.8
11255,2025-11-05,313,8,5,0.05,4748.34
11256,2025-04-25,464,19,1,0.15,968.95
11257,2025-04-05,458,5,4,0.15,3112.33
11258,2025-08-06,50,9,5,0.05,1466.37
11259,2025-06-12,128,19,2,0.1,2051.89
11260,2025-03-18,303,17,2,0,1569.78
11261,2025-03-27,22,15,3,0.15,1996.57
11262,2025-12-14,213,4,1,0.05,377.72
11263,2025-04-29,222,6,1,0.1,413.93
11264,2025-01-16,256,18,1,0.15,770.99
11265,2025-09-09,144,13,1,0,1199.89
11266,2025-03-19,142,3,5,0,1301.5
11267,2025-08-13,131,10,1,0,105.63
11268,2025-04-14,20,18,4,0,3628.2
11269,2025-08-17,146,18,3,0.15,2312.98
11270,2025-04-06,169,13,2,0.1,2159.8
11271,2025-08-06,279,18,1,0.1,816.35
11272,2025-03-08,475,8,4,0.1,3598.74
11273,2025-01-13,497,14,4,0,1700.6
11274,2025-11-24,313,11,1,0,31.1
11275,2025-10-19,209,18,5,0,4535.25
11276,2025-08-31,219,12,3,0,1952.97
11277,2025-10-31,358,14,5,0.05,2019.46
11278,2025-08-01,330,8,4,0,3998.6
11279,2025-09-01,346,8,3,0.1,2699.05
11280,2025-09-17,400,3,3,0.05,741.86
11281,2025-09-04,114,11,4,0.1,111.96
11282,2025-09-26,366,16,3,0.15,2395.04
11283,2025-05-22,71,20,3,0.15,626.38
11284,2025-02-07,120,14,5,0.15,1806.89
11285,2025-08-14,467,7,3,0.05,2577.54
11286,2025-03-27,278,19,2,0.15,1937.9
11287,2025-01-20,454,13,3,0,3599.67
11288,2025-06-16,138,9,1,0,308.71
11289,2025-09-12,180,13,1,0,1199.89
11290,2025-09-22,62,16,2,0.15,1596.69
11291,2025-10-12,171,19,5,0,5699.7
11292,2025-02-25,468,13,1,0,1199.89
11293,2025-04-17,225,14,2,0.15,722.75
11294,2025-04-25,150,1,5,0,339.7
11295,2025-09-09,156,7,3,0,2713.2
11296,2025-08-12,321,6,5,0.15,1954.66
11297,2025-09-20,481,1,4,0.05,258.17
11298,2025-01-08,164,4,5,0.1,1789.2
11299,2025-11-11,398,4,5,0.1,1789.2
11300,2025-09-11,470,1,5,0,339.7
11301,2025-12-14,320,7,1,0,904.4
11302,2025-06-05,66,20,1,0,245.64
11303,2025-07-07,347,16,5,0.05,4461.34
11304,2025-01-22,93,12,1,0.1,585.89
11305,2025-07-06,192,15,3,0.05,2231.46
11306,2025-09-24,244,10,4,0,422.52
11307,2025-10-12,325,5,1,0,915.39
11308,2025-12-09,351,16,1,0.05,892.27
11309,2025-06-22,202,2,3,0.1,1241.7
11310,2025-11-17,108,17,3,0,2354.67
11311,2025-07-27,27,19,1,0,1139.94
11312,2025-07-14,383,14,1,0.1,382.63
11313,2025-12-04,450,3,3,0,780.9
11314,2025-07-13,41,15,4,0,3131.88
11315,2025-05-31,412,6,3,0.05,1310.77
11316,2025-08-26,193,20,5,0,1228.2
11317,2025-05-31,262,3,2,0,520.6
11318,2025-11-14,389,13,4,0.05,4559.58
11319,2025-07-05,235,11,3,0.1,83.97
11320,2025-07-16,403,1,5,0,339.7
11321,2025-08-02,138,6,1,0.05,436.92
11322,2025-09-26,100,8,5,0,4998.25
11323,2025-11-08,417,10,5,0.1,475.33
11324,2025-07-13,302,13,1,0.15,1019.91
11325,2025-09-21,361,4,4,0.05,1510.88
11326,2025-01-19,265,18,3,0,2721.15
11327,2025-04-09,149,1,4,0,271.76
11328,2025-09-27,481,10,4,0.05,401.39
11329,2025-03-12,171,4,4,0,1590.4
11330,2025-05-04,465,19,4,0.15,3875.8
11331,2025-03-22,29,6,5,0,2299.6
11332,2025-11-04,451,1,3,0.05,193.63
11333,2025-12-18,111,3,2,0,520.6
11334,2025-05-21,406,7,3,0.05,2577.54
11335,2025-11-07,426,15,5,0.15,3327.62
11336,2025-09-01,16,2,2,0.05,873.79
11337,2025-10-13,206,13,4,0,4799.56
11338,2025-01-30,481,8,4,0,3998.6
11339,2025-06-28,482,14,4,0.15,1445.51
11340,2025-08-15,500,7,1,0.05,859.18
11341,2025-05-26,56,2,1,0,459.89
11342,2025-08-22,205,16,4,0.1,3381.23
11343,2025-07-04,250,20,5,0,1228.2
11344,2025-03-09,381,5,3,0.15,2334.24
11345,2025-04-22,197,16,4,0,3756.92
11346,2025-08-30,302,14,3,0.05,1211.68
11347,2025-10-26,400,15,1,0,782.97
11348,2025-06-06,16,20,3,0.05,700.07
11349,2025-03-25,344,1,5,0.15,288.75
11350,2025-06-02,453,9,2,0.15,524.81
11351,2025-03-12,474,17,4,0.15,2668.63
11352,2025-10-20,229,13,3,0,3599.67
11353,2025-07-18,121,13,4,0.05,4559.58
11354,2025-09-24,393,18,4,0.15,3083.97
11355,2025-07-20,310,19,5,0,5699.7
11356,2025-09-23,266,16,4,0,3756.92
11357,2025-06-02,290,3,1,0.15,221.25
11358,2025-06-15,355,8,5,0,4998.25
11359,2025-05-27,382,20,5,0,1228.2
11360,2025-05-30,352,10,3,0.1,285.2
11361,2025-08-23,143,6,1,0.1,413.93
11362,2025-06-03,71,12,3,0.05,1855.32
11363,2025-09-03,372,5,5,0.1,4119.26
11364,2025-11-05,33,2,3,0.05,1310.69
11365,2025-10-09,236,6,4,0.05,1747.7
11366,2025-08-22,464,2,3,0,1379.67
11367,2025-05-06,447,20,5,0,1228.2
11368,2025-07-15,477,9,1,0,308.71
11369,2025-03-28,230,18,5,0,4535.25
11370,2025-07-31,117,11,5,0.15,132.17
11371,2025-12-13,312,4,1,0.15,337.96
11372,2025-10-01,334,12,4,0.1,2343.56
11373,2025-08-29,236,1,3,0,203.82
11374,2025-10-22,55,7,5,0,4522.0
11375,2025-11-18,430,20,2,0.05,466.72
11376,2025-11-10,202,15,4,0.05,2975.29
11377,2025-05-06,396,13,1,0.1,1079.9
11378,2025-02-04,399,16,5,0.1,4226.53
11379,2025-07-28,93,14,4,0.15,1445.51
11380,2025-07-26,211,3,2,0,520.6
11381,2025-07-20,392,18,2,0.15,1541.98
11382,2025-01-06,62,8,2,0,1999.3
11383,2025-03-08,382,14,3,0.15,1084.13
11384,2025-06-05,265,14,1,0.15,361.38
11385,2025-07-23,130,13,3,0.05,3419.69
11386,2025-08-20,291,16,1,0.05,892.27
11387,2025-06-02,116,13,3,0,3599.67
11388,2025-10-16,419,9,3,0.05,879.82
11389,2025-02-25,53,5,4,0.1,3295.4
11390,2025-10-04,88,2,1,0,459.89
11391,2025-09-29,359,6,5,0,2299.6
11392,2025-09-17,460,9,2,0.15,524.81
11393,2025-12-12,5,1,5,0,339.7
11394,2025-07-01,422,1,2,0.1,122.29
11395,2025-05-28,165,1,3,0.1,183.44
11396,2025-11-13,269,14,4,0.15,1445.51
11397,2025-02-10,21,2,5,0,2299.45
11398,2025-04-07,449,7,1,0.05,859.18
11399,2025-01-08,69,10,3,0,316.89
11400,2025-11-23,476,11,4,0.05,118.18
11401,2025-12-22,264,9,2,0.1,555.68
11402,2025-08-02,217,17,1,0,784.89
11403,2025-10-20,246,15,2,0,1565.94
11404,2025-06-18,116,8,4,0.15,3398.81
11405,2025-01-11,160,5,1,0.15,778.08
11406,2025-06-14,138,9,4,0.1,1111.36
11407,2025-02-12,494,13,4,0,4799.56
11408,2025-07-06,453,19,1,0.1,1025.95
11409,2025-01-08,145,3,2,0,520.6
11410,2025-02-02,274,10,4,0,422.52
11411,2025-11-23,343,6,4,0.05,1747.7
11412,2025-04-19,424,5,3,0.1,2471.55
11413,2025-05-25,190,12,4,0,2603.96
11414,2025-04-23,66,2,5,0.05,2184.48
11415,2025-08-21,378,14,2,0.1,765.27
11416,2025-12-12,134,10,1,0,105.63
11417,2025-09-20,447,20,5,0,1228.2
11418,2025-11-05,362,17,1,0.05,745.65
11419,2025-06-20,348,7,2,0.05,1718.36
11420,2025-04-03,449,9,3,0.1,833.52
11421,2025-12-09,65,18,4,0,3628.2
11422,2025-02-13,255,17,2,0.15,1334.31
11423,2025-06-20,146,15,1,0,782.97
11424,2025-01-23,379,9,4,0.05,1173.1
11425,2025-09-15,317,3,3,0,780.9
11426,2025-03-12,192,18,3,0,2721.15
11427,2025-12-10,389,12,3,0.05,1855.32
11428,2025-02-09,214,12,2,0,1301.98
11429,2025-01-12,206,20,4,0,982.56
11430,2025-06-28,50,20,5,0.1,1105.38
11431,2025-03-21,112,15,3,0,2348.91
11432,2025-04-29,405,1,1,0.05,64.54
11433,2025-07-13,274,9,3,0,926.13
11434,2025-05-09,495,20,3,0,736.92
11435,2025-12-19,281,1,3,0.05,193.63
11436,2025-02-01,345,1,5,0,339.7
11437,2025-02-25,400,7,5,0.05,4295.9
11438,2025-08-30,479,2,5,0.1,2069.51
11439,2025-06-25,125,1,2,0.15,115.5
11440,2025-05-03,14,2,3,0,1379.67
11441,2025-11-15,485,6,2,0.1,827.86
11442,2025-06-19,73,1,3,0.05,193.63
11443,2025-07-15,362,12,2,0.15,1106.68
11444,2025-09-12,155,20,3,0.1,663.23
11445,2025-08-15,408,12,5,0,3254.95
11446,2025-11-01,428,8,2,0.15,1699.4
11447,2025-04-17,298,10,1,0,105.63
11448,2025-02-10,297,12,5,0.15,2766.71
11449,2025-08-16,261,12,5,0.1,2929.45
11450,2025-09-29,272,6,1,0.15,390.93
11451,2025-04-03,175,16,5,0,4696.15
11452,2025-09-23,310,15,2,0,1565.94
11453,2025-10-15,350,3,5,0.15,1106.27
11454,2025-11-20,222,12,5,0.15,2766.71
11455,2025-11-22,150,13,1,0.1,1079.9
11456,2025-06-24,386,10,4,0,422.52
11457,2025-12-14,343,11,4,0.1,111.96
11458,2025-03-22,2,7,4,0,3617.6
11459,2025-11-24,481,18,5,0.1,4081.72
11460,2025-08-20,183,17,3,0,2354.67
11461,2025-10-10,407,19,1,0,1139.94
11462,2025-06-24,18,16,2,0,1878.46
11463,2025-10-27,130,13,1,0.1,1079.9
11464,2025-10-25,148,7,1,0.1,813.96
11465,2025-09-30,423,9,3,0.1,833.52
11466,2025-11-11,254,7,2,0,1808.8
11467,2025-11-19,77,10,3,0.05,301.05
11468,2025-05-01,7,16,1,0.15,798.35
11469,2025-10-05,248,3,5,0,1301.5
11470,2025-04-03,62,3,1,0,260.3
11471,2025-09-08,388,13,2,0.15,2039.81
11472,2025-07-22,349,3,5,0.05,1236.42
11473,2025-08-10,476,5,1,0.1,823.85
11474,2025-05-21,213,14,4,0,1700.6
11475,2025-12-22,15,16,5,0,4696.15
11476,2025-08-15,178,6,3,0.1,1241.78
11477,2025-12-25,188,5,1,0.15,778.08
11478,2025-12-17,127,4,2,0,795.2
11479,2025-02-08,334,1,4,0,271.76
11480,2025-04-24,326,17,2,0,1569.78
11481,2025-10-19,170,6,1,0,459.92
11482,2025-06-01,430,16,1,0.1,845.31
11483,2025-12-31,449,13,3,0,3599.67
11484,2025-10-09,487,2,4,0,1839.56
11485,2025-03-17,412,10,5,0,528.15
11486,2025-09-09,50,13,2,0,2399.78
11487,2025-07-15,67,10,3,0.05,301.05
11488,2025-01-20,243,4,4,0,1590.4
11489,2025-02-01,405,13,4,0.1,4319.6
11490,2025-09-09,492,8,4,0.15,3398.81
11491,2025-03-26,273,20,1,0.05,233.36
11492,2025-03-02,63,18,1,0,907.05
11493,2025-11-08,236,6,1,0.15,390.93
11494,2025-08-30,339,9,5,0.15,1312.02
11495,2025-02-23,369,2,1,0.1,413.9
11496,2025-07-20,32,12,3,0.1,1757.67
11497,2025-06-19,327,14,5,0.05,2019.46
11498,2025-08-19,233,12,5,0,3254.95
11499,2025-04-26,454,8,4,0.1,3598.74
11500,2025-11-21,446,11,5,0.05,147.72
11501,2025-11-05,394,16,1,0,939.23
11502,2025-11-13,419,19,5,0.15,4844.75
11503,2025-09-05,430,7,5,0.05,4295.9
11504,2025-06-11,277,13,2,0,2399.78
11505,2025-10-03,395,2,1,0.05,436.9
11506,2025-04-10,162,7,3,0,2713.2
11507,2025-11-10,13,9,5,0,1543.55
11508,2025-01-17,14,15,1,0,782.97
11509,2025-08-28,79,13,3,0.05,3419.69
11510,2025-06-27,135,15,2,0.15,1331.05
11511,2025-12-31,223,10,1,0.1,95.07
11512,2025-03-13,108,17,3,0,2354.67
11513,2025-03-14,54,16,2,0,1878.46
11514,2025-09-17,99,12,2,0,1301.98
11515,2025-07-18,244,6,2,0,919.84
11516,2025-10-06,444,1,1,0.05,64.54
11517,2025-10-02,284,1,5,0.1,305.73
11518,2025-02-24,451,3,2,0.05,494.57
11519,2025-06-04,258,1,3,0,203.82
11520,2025-06-13,31,13,4,0.1,4319.6
11521,2025-02-21,65,3,2,0.1,468.54
11522,2025-09-22,55,13,1,0,1199.89
11523,2025-02-18,290,17,4,0.1,2825.6
11524,2025-04-30,461,14,3,0,1275.45
11525,2025-03-19,44,11,4,0.1,111.96
11526,2025-02-28,104,15,1,0,782.97
11527,2025-07-22,232,1,5,0.1,305.73
11528,2025-05-21,270,14,4,0.05,1615.57
11529,2025-08-31,52,10,2,0.05,200.7
11530,2025-06-09,448,20,4,0.15,835.18
11531,2025-04-09,292,11,4,0.05,118.18
11532,2025-03-30,96,11,3,0.1,83.97
11533,2025-10-03,228,13,5,0.15,5099.53
11534,2025-09-04,328,16,2,0.15,1596.69
11535,2025-07-18,192,3,4,0,1041.2
11536,2025-12-09,115,6,2,0.1,827.86
11537,2025-02-21,379,1,3,0,203.82
11538,2025-06-30,452,20,1,0.1,221.08
11539,2025-06-29,408,3,1,0.15,221.25
11540,2025-12-08,313,13,2,0,2399.78
11541,2025-11-30,115,2,3,0.1,1241.7
11542,2025-03-19,467,16,3,0.15,2395.04
11543,2025-12-26,215,3,1,0.05,247.28
11544,2025-12-28,327,20,3,0,736.92
11545,2025-05-30,118,17,1,0.1,706.4
11546,2025-12-16,65,19,1,0.1,1025.95
11547,2025-09-18,95,18,1,0.05,861.7
11548,2025-07-23,369,14,1,0,425.15
11549,2025-10-01,14,19,1,0.05,1082.94
11550,2025-11-24,483,3,5,0,1301.5
11551,2025-05-21,135,7,5,0,4522.0
11552,2025-06-14,209,8,4,0.15,3398.81
11553,2025-09-13,32,17,4,0.15,2668.63
11554,2025-05-26,323,8,4,0,3998.6
11555,2025-02-18,151,9,4,0.1,1111.36
11556,2025-02-18,199,5,5,0.1,4119.26
11557,2025-05-04,382,10,1,0.15,89.79
11558,2025-09-13,209,10,3,0,316.89
11559,2025-03-13,309,7,4,0.15,3074.96
11560,2025-09-25,121,10,4,0,422.52
11561,2025-10-26,310,6,3,0,1379.76
11562,2025-10-14,216,6,5,0,2299.6
11563,2025-06-28,285,10,3,0.15,269.36
11564,2025-07-13,405,5,2,0.1,1647.7
11565,2025-04-25,245,7,1,0,904.4
11566,2025-02-19,173,17,2,0.15,1334.31
11567,2025-07-21,467,15,4,0,3131.88
11568,2025-05-12,137,1,1,0.15,57.75
11569,2025-05-14,227,9,4,0.1,1111.36
11570,2025-03-08,175,6,3,0.1,1241.78
11571,2025-07-25,433,20,5,0.05,1166.79
11572,2025-07-31,482,4,5,0,1988.0
11573,2025-07-09,35,16,1,0.1,845.31
11574,2025-07-10,54,8,2,0.15,1699.4
11575,2025-05-14,153,11,4,0,124.4
11576,2025-01-04,365,11,1,0.05,29.55
11577,2025-05-14,413,15,3,0.15,1996.57
11578,2025-09-06,489,2,4,0.1,1655.6
11579,2025-08-24,160,18,5,0.05,4308.49
11580,2025-10-07,59,8,2,0,1999.3
11581,2025-08-12,92,15,1,0.1,704.67
11582,2025-04-11,275,8,3,0.15,2549.11
11583,2025-04-01,147,18,2,0.05,1723.39
11584,2025-05-27,186,5,5,0.15,3890.41
11585,2025-01-08,61,13,2,0.05,2279.79
11586,2025-06-08,414,8,1,0.1,899.68
11587,2025-06-09,218,12,4,0,2603.96
11588,2025-02-20,414,9,1,0.15,262.4
11589,2025-01-17,336,4,1,0.05,377.72
11590,2025-04-24,345,15,5,0,3914.85
11591,2025-10-23,323,6,5,0,2299.6
11592,2025-09-24,482,11,3,0.05,88.64
11593,2025-12-12,287,1,1,0,67.94
11594,2025-02-07,235,16,2,0.1,1690.61
11595,2025-06-14,251,4,4,0.15,1351.84
11596,2025-11-05,174,7,1,0.15,768.74
11597,2025-05-25,50,15,3,0.1,2114.02
11598,2025-01-08,292,9,5,0,1543.55
11599,2025-01-15,337,7,5,0.15,3843.7
11600,2025-03-27,376,6,5,0,2299.6
11601,2025-05-14,442,13,1,0.15,1019.91
11602,2025-06-16,317,13,5,0.05,5699.48
11603,2025-12-22,17,5,5,0,4576.95
11604,2025-05-09,238,14,3,0,1275.45
11605,2025-11-24,421,14,3,0.15,1084.13
11606,2025-09-26,232,5,1,0,915.39
11607,2025-07-17,122,18,3,0.1,2449.03
11608,2025-01-23,92,14,1,0.15,361.38
11609,2025-10-24,5,12,5,0,3254.95
11610,2025-09-27,343,4,5,0.15,1689.8
11611,2025-12-24,7,1,2,0,135.88
11612,2025-04-10,1,11,4,0.15,105.74
11613,2025-07-23,79,18,5,0.1,4081.72
11614,2025-12-02,323,6,2,0,919.84
11615,2025-01-06,466,7,4,0,3617.6
11616,2025-02-02,32,18,4,0.15,3083.97
11617,2025-03-27,378,6,2,0.15,781.86
11618,2025-11-28,240,13,4,0,4799.56
11619,2025-05-18,58,12,1,0.05,618.44
11620,2025-10-24,436,3,5,0,1301.5
11621,2025-12-14,229,1,2,0.1,122.29
11622,2025-11-14,376,5,2,0.15,1556.16
11623,2025-12-06,158,5,5,0.1,4119.26
11624,2025-10-03,111,11,2,0.05,59.09
11625,2025-12-27,299,6,4,0,1839.68
11626,2025-11-23,287,19,5,0.1,5129.73
11627,2025-11-12,331,9,3,0.05,879.82
11628,2025-01-28,312,3,5,0,1301.5
11629,2025-05-03,395,8,3,0.05,2849.0
11630,2025-09-16,435,17,3,0.1,2119.2
11631,2025-09-21,433,5,2,0.05,1739.24
11632,2025-11-28,205,7,5,0.15,3843.7
11633,2025-02-11,50,14,5,0,2125.75
11634,2025-10-12,180,11,4,0.05,118.18
11635,2025-12-24,107,1,2,0.15,115.5
11636,2025-05-20,210,3,5,0.15,1106.27
11637,2025-12-13,343,2,5,0.05,2184.48
11638,2025-08-28,34,14,5,0.05,2019.46
11639,2025-11-30,322,6,1,0,459.92
11640,2025-09-18,238,20,5,0,1228.2
11641,2025-05-15,141,11,5,0,155.5
11642,2025-10-15,415,3,5,0,1301.5
11643,2025-09-20,243,6,3,0.05,1310.77
11644,2025-06-04,401,17,5,0.1,3532.01
11645,2025-05-12,139,19,1,0,1139.94
11646,2025-08-04,296,6,2,0.15,781.86
11647,2025-07-23,467,17,3,0.15,2001.47
11648,2025-09-10,431,1,2,0,135.88
11649,2025-10-13,425,2,1,0.05,436.9
11650,2025-02-11,234,1,5,0.1,305.73
11651,2025-12-03,147,7,3,0.1,2441.88
11652,2025-12-03,165,5,5,0,4576.95
11653,2025-12-24,170,12,3,0.1,1757.67
11654,2025-12-26,257,1,5,0.05,322.71
11655,2025-01-07,218,20,1,0,245.64
11656,2025-02-26,174,18,2,0,1814.1
11657,2025-05-20,195,5,2,0.05,1739.24
11658,2025-09-05,318,10,1,0,105.63
11659,2025-03-01,70,12,5,0,3254.95
11660,2025-03-13,202,15,3,0.05,2231.46
11661,2025-01-26,400,14,5,0.05,2019.46
11662,2025-12-19,415,16,4,0,3756.92
11663,2025-09-30,429,10,4,0.1,380.27
11664,2025-07-17,148,15,2,0,1565.94
11665,2025-04-19,484,18,3,0.1,2449.03
11666,2025-11-05,68,18,1,0.15,770.99
11667,2025-01-19,49,2,4,0,1839.56
11668,2025-06-07,137,15,1,0.15,665.52
11669,2025-03-10,8,9,1,0,308.71
11670,2025-01-08,81,7,3,0.15,2306.22
11671,2025-08-22,245,12,2,0,1301.98
11672,2025-10-12,398,14,2,0.15,722.75
11673,2025-07-13,435,16,3,0.1,2535.92
11674,2025-06-27,185,12,2,0.05,1236.88
11675,2025-10-13,261,14,3,0.1,1147.9
11676,2025-07-04,449,18,1,0.1,816.35
11677,2025-05-17,391,13,5,0.1,5399.51
11678,2025-12-03,269,6,4,0.05,1747.7
11679,2025-08-31,448,17,1,0,784.89
11680,2025-01-28,24,2,2,0.05,873.79
11681,2025-07-27,181,9,3,0.05,879.82
11682,2025-05-03,435,8,3,0.1,2699.05
11683,2025-06-28,319,17,2,0.15,1334.31
11684,2025-05-27,136,17,3,0.1,2119.2
11685,2025-03-02,4,10,3,0.05,301.05
11686,2025-12-08,19,11,4,0,124.4
11687,2025-09-04,392,7,1,0.1,813.96
11688,2025-11-29,309,11,1,0,31.1
11689,2025-10-30,268,4,4,0,1590.4
11690,2025-11-27,102,18,4,0.05,3446.79
11691,2025-06-28,336,20,3,0.15,626.38
11692,2025-04-02,144,6,5,0.15,1954.66
11693,2025-12-07,481,4,2,0,795.2
11694,2025-05-28,453,5,1,0.15,778.08
11695,2025-08-24,342,20,4,0,982.56
11696,2025-01-03,42,17,1,0.1,706.4
11697,2025-05-31,227,15,2,0.1,1409.35
11698,2025-10-07,27,9,5,0,1543.55
11699,2025-09-24,444,19,3,0.15,2906.85
11700,2025-02-20,80,15,3,0,2348.91
11701,2025-10-21,351,14,3,0.1,1147.9
11702,2025-04-16,130,20,3,0.1,663.23
11703,2025-10-01,200,17,5,0,3924.45
11704,2025-08-02,367,17,1,0.1,706.4
11705,2025-12-25,324,3,5,0.1,1171.35
11706,2025-07-16,413,15,3,0.05,2231.46
11707,2025-10-04,269,2,3,0,1379.67
11708,2025-08-01,42,20,3,0,736.92
11709,2025-12-22,372,3,4,0.15,885.02
11710,2025-11-24,377,2,1,0.05,436.9
11711,2025-03-10,100,3,4,0,1041.2
11712,2025-12-23,190,11,4,0.05,118.18
11713,2025-11-18,32,5,5,0.05,4348.1
11714,2025-11-15,475,11,3,0.15,79.31
11715,2025-08-05,391,15,5,0.05,3719.11
11716,2025-02-18,192,19,2,0.1,2051.89
11717,2025-04-27,265,3,1,0.1,234.27
11718,2025-08-19,266,8,2,0,1999.3
11719,2025-12-22,401,17,2,0.05,1491.29
11720,2025-02-25,298,10,2,0,211.26
11721,2025-06-17,392,9,5,0,1543.55
11722,2025-07-09,104,6,5,0,2299.6
11723,2025-05-28,494,6,3,0.05,1310.77
11724,2025-02-09,429,16,1,0.1,845.31
11725,2025-05-19,92,15,2,0.05,1487.64
11726,2025-11-02,53,10,2,0.15,179.57
11727,2025-04-13,421,14,2,0.1,765.27
11728,2025-03-20,359,2,2,0,919.78
11729,2025-11-21,238,9,1,0,308.71
11730,2025-01-23,269,3,4,0,1041.2
11731,2025-07-18,400,16,2,0.05,1784.54
11732,2025-04-17,141,7,3,0.1,2441.88
11733,2025-11-29,2,6,4,0,1839.68
11734,2025-07-23,126,12,3,0,1952.97
11735,2025-11-23,364,13,2,0.15,2039.81
11736,2025-12-06,413,18,4,0,3628.2
11737,2025-06-19,416,6,2,0,919.84
11738,2025-05-18,185,3,2,0.05,494.57
11739,2025-09-01,438,4,2,0,795.2
11740,2025-09-17,343,13,3,0,3599.67
11741,2025-10-02,135,10,3,0,316.89
11742,2025-11-21,199,2,2,0,919.78
11743,2025-12-02,171,10,4,0,422.52
11744,2025-05-12,450,6,1,0.05,436.92
11745,2025-05-02,475,12,1,0.1,585.89
11746,2025-03-01,459,3,2,0.15,442.51
11747,2025-05-17,9,1,3,0.15,173.25
11748,2025-03-11,468,20,4,0.05,933.43
11749,2025-04-11,433,6,3,0,1379.76
11750,2025-01-19,260,16,3,0.1,2535.92
11751,2025-04-23,288,8,3,0.05,2849.0
11752,2025-07-25,487,12,2,0.15,1106.68
11753,2025-10-12,190,19,1,0.15,968.95
11754,2025-10-12,395,5,3,0,2746.17
11755,2025-08-13,314,19,3,0.15,2906.85
11756,2025-10-24,405,13,5,0,5999.45
11757,2025-07-04,23,12,4,0,2603.96
11758,2025-09-26,423,7,1,0.1,813.96
11759,2025-07-27,320,5,4,0,3661.56
11760,2025-01-06,296,10,3,0.05,301.05
11761,2025-01-14,234,12,1,0.1,585.89
11762,2025-01-08,414,11,3,0.1,83.97
11763,2025-06-27,348,13,3,0.15,3059.72
11764,2025-11-21,305,20,1,0.1,221.08
11765,2025-07-23,166,18,5,0.1,4081.72
11766,2025-03-25,444,5,2,0,1830.78
11767,2025-01-22,149,6,3,0,1379.76
11768,2025-07-24,10,2,2,0,919.78
11769,2025-01-20,294,4,4,0.15,1351.84
11770,2025-05-07,241,4,4,0,1590.4
11771,2025-02-10,175,19,1,0.05,1082.94
11772,2025-01-26,368,5,2,0.15,1556.16
11773,2025-03-10,204,4,2,0,795.2
11774,2025-07-30,81,18,1,0.05,861.7
11775,2025-11-22,2,5,3,0.05,2608.86
11776,2025-03-16,153,5,3,0.15,2334.24
11777,2025-05-28,80,6,2,0,919.84
11778,2025-12-20,77,8,2,0,1999.3
11779,2025-02-19,8,1,2,0,135.88
11780,2025-11-06,230,17,2,0.15,1334.31
11781,2025-05-16,338,6,2,0.05,873.85
11782,2025-09-08,32,19,5,0,5699.7
11783,2025-06-21,366,8,2,0,1999.3
11784,2025-07-14,310,11,1,0.1,27.99
11785,2025-10-29,211,6,3,0.15,1172.8
11786,2025-09-07,141,14,4,0.05,1615.57
11787,2025-11-02,29,18,4,0.1,3265.38
11788,2025-04-21,297,12,4,0,2603.96
11789,2025-01-02,464,9,5,0,1543.55
11790,2025-01-21,1,15,5,0,3914.85
11791,2025-05-02,201,8,4,0,3998.6
11792,2025-04-07,66,16,1,0.05,892.27
11793,2025-03-25,217,16,4,0,3756.92
11794,2025-08-08,251,7,2,0.15,1537.48
11795,2025-06-14,75,10,5,0.15,448.93
11796,2025-12-29,293,16,4,0.1,3381.23
11797,2025-04-04,101,18,3,0,2721.15
11798,2025-03-21,485,17,1,0.05,745.65
11799,2025-11-01,222,6,2,0,919.84
11800,2025-09-29,96,6,2,0,919.84
11801,2025-04-11,268,3,5,0.05,1236.42
11802,2025-04-22,91,6,3,0.15,1172.8
11803,2025-03-16,15,13,4,0,4799.56
11804,2025-12-28,395,19,3,0,3419.82
11805,2025-05-23,450,4,3,0,1192.8
11806,2025-06-23,88,10,2,0,211.26
11807,2025-05-09,303,5,3,0.1,2471.55
11808,2025-09-25,227,1,5,0,339.7
11809,2025-12-24,295,8,3,0,2998.95
11810,2025-03-22,144,14,5,0,2125.75
11811,2025-05-23,101,15,1,0.05,743.82
11812,2025-06-25,473,7,5,0,4522.0
11813,2025-08-17,107,17,5,0.15,3335.78
11814,2025-02-10,187,20,5,0,1228.2
11815,2025-01-17,175,8,5,0.05,4748.34
11816,2025-09-04,175,18,3,0.15,2312.98
11817,2025-09-18,177,2,2,0.05,873.79
11818,2025-03-08,415,16,2,0,1878.46
11819,2025-01-08,380,7,1,0.1,813.96
11820,2025-08-04,3,18,1,0.15,770.99
11821,2025-06-05,224,20,5,0.05,1166.79
11822,2025-05-26,202,15,4,0.05,2975.29
11823,2025-02-20,87,20,3,0.15,626.38
11824,2025-11-27,128,12,4,0.05,2473.76
11825,2025-11-23,22,18,4,0.15,3083.97
11826,2025-08-23,70,5,1,0,915.39
11827,2025-12-13,171,5,3,0.05,2608.86
11828,2025-02-26,457,4,1,0.05,377.72
11829,2025-04-02,182,14,3,0,1275.45
11830,2025-12-04,74,14,4,0.1,1530.54
11831,2025-01-14,216,17,5,0.05,3728.23
11832,2025-06-10,487,2,5,0.1,2069.51
11833,2025-01-19,155,16,2,0,1878.46
11834,2025-03-29,218,9,3,0.05,879.82
11835,2025-03-21,389,7,1,0.1,813.96
11836,2025-04-26,164,9,2,0.1,555.68
11837,2025-06-01,325,3,2,0.05,494.57
11838,2025-12-23,445,2,2,0.1,827.8
11839,2025-03-18,37,12,3,0,1952.97
11840,2025-01-23,407,4,5,0,1988.0
11841,2025-10-01,172,14,2,0,850.3
11842,2025-05-04,317,12,1,0,650.99
11843,2025-03-25,84,12,4,0.05,2473.76
11844,2025-05-25,301,15,4,0.15,2662.1
11845,2025-08-11,238,2,4,0.1,1655.6
11846,2025-03-25,149,10,5,0.1,475.33
11847,2025-01-19,322,8,4,0,3998.6
11848,2025-02-10,236,17,1,0,784.89
11849,2025-02-25,376,2,2,0.05,873.79
11850,2025-09-26,430,10,1,0.05,100.35
11851,2025-11-24,201,20,3,0,736.92
11852,2025-09-18,54,4,4,0.05,1510.88
11853,2025-12-01,367,19,1,0,1139.94
11854,2025-10-27,144,9,1,0,308.71
11855,2025-08-13,337,2,2,0,919.78
11856,2025-05-31,353,3,5,0,1301.5
11857,2025-10-19,16,10,5,0,528.15
11858,2025-05-29,9,14,1,0.05,403.89
11859,2025-02-07,44,5,1,0.1,823.85
11860,2025-12-17,21,9,2,0,617.42
11861,2025-07-09,15,12,1,0,650.99
11862,2025-09-25,46,12,5,0.1,2929.45
11863,2025-01-20,282,11,4,0.1,111.96
11864,2025-08-16,8,14,3,0,1275.45
11865,2025-05-16,137,4,5,0,1988.0
11866,2025-06-20,177,3,4,0,1041.2
11867,2025-03-03,291,12,3,0,1952.97
11868,2025-08-31,477,15,1,0,782.97
11869,2025-04-28,34,11,5,0.1,139.95
11870,2025-06-21,59,4,1,0,397.6
11871,2025-03-31,41,14,4,0,1700.6
11872,2025-07-09,132,7,5,0,4522.0
11873,2025-01-19,135,4,4,0,1590.4
11874,2025-06-16,332,14,1,0.05,403.89
11875,2025-04-06,489,16,3,0.05,2676.81
11876,2025-12-24,111,4,1,0.1,357.84
11877,2025-02-08,103,16,2,0,1878.46
11878,2025-03-16,4,15,3,0,2348.91
11879,2025-06-14,280,10,2,0.05,200.7
11880,2025-10-08,475,1,5,0.1,305.73
11881,2025-11-09,369,2,4,0.15,1563.63
11882,2025-04-28,66,11,2,0.1,55.98
11883,2025-12-11,20,4,1,0.15,337.96
11884,2025-10-22,377,20,2,0,491.28
11885,2025-02-20,427,19,3,0,3419.82
11886,2025-11-09,14,20,5,0,1228.2
11887,2025-08-20,85,20,1,0.15,208.79
11888,2025-09-22,70,6,5,0.1,2069.64
11889,2025-02-09,440,10,3,0.15,269.36
11890,2025-11-15,443,9,2,0.05,586.55
11891,2025-06-02,136,7,3,0,2713.2
11892,2025-08-07,77,13,3,0,3599.67
11893,2025-09-30,246,8,4,0.15,3398.81
11894,2025-08-12,438,13,3,0.15,3059.72
11895,2025-01-20,33,3,3,0,780.9
11896,2025-10-17,488,6,2,0.1,827.86
11897,2025-04-07,76,9,1,0.1,277.84
11898,2025-09-12,253,16,5,0.15,3991.73
11899,2025-08-22,120,13,4,0.15,4079.63
11900,2025-09-10,35,1,1,0.15,57.75
11901,2025-05-09,354,5,1,0.15,778.08
11902,2025-11-21,313,8,3,0,2998.95
11903,2025-04-08,367,8,1,0.05,949.67
11904,2025-04-02,233,19,1,0.15,968.95
11905,2025-08-10,93,8,4,0,3998.6
11906,2025-11-26,425,13,2,0,2399.78
11907,2025-03-19,43,15,5,0.05,3719.11
11908,2025-12-14,376,4,2,0.1,715.68
11909,2025-01-30,330,13,5,0.1,5399.51
11910,2025-08-05,487,19,1,0,1139.94
11911,2025-10-11,436,1,3,0,203.82
11912,2025-11-16,345,8,1,0.15,849.7
11913,2025-07-20,93,16,4,0,3756.92
11914,2025-01-11,388,14,5,0.1,1913.17
11915,2025-04-22,118,7,5,0.15,3843.7
11916,2025-01-23,332,12,4,0.1,2343.56
11917,2025-11-26,360,13,4,0.1,4319.6
11918,2025-07-01,5,11,1,0.15,26.44
11919,2025-11-29,331,1,1,0.05,64.54
11920,2025-12-14,426,2,5,0,2299.45
11921,2025-01-23,281,7,4,0.15,3074.96
11922,2025-01-25,96,12,5,0.15,2766.71
11923,2025-06-29,425,2,3,0.1,1241.7
11924,2025-06-09,476,10,1,0.15,89.79
11925,2025-02-04,294,10,2,0.05,200.7
11926,2025-02-03,109,14,4,0,1700.6
11927,2025-12-24,191,1,2,0.15,115.5
11928,2025-11-09,326,19,1,0.1,1025.95
11929,2025-10-25,205,3,1,0.15,221.25
11930,2025-11-09,57,10,5,0,528.15
11931,2025-09-25,212,16,3,0.15,2395.04
11932,2025-03-10,8,8,1,0.1,899.68
11933,2025-10-16,227,9,1,0,308.71
11934,2025-08-11,393,16,4,0.05,3569.07
11935,2025-12-21,191,1,1,0.05,64.54
11936,2025-06-23,97,16,2,0,1878.46
11937,2025-07-01,171,15,2,0,1565.94
11938,2025-01-27,318,11,5,0,155.5
11939,2025-07-21,422,18,1,0,907.05
11940,2025-01-31,485,19,2,0.1,2051.89
11941,2025-10-12,254,10,4,0.1,380.27
11942,2025-07-22,436,12,4,0.05,2473.76
11943,2025-06-16,437,7,1,0.05,859.18
11944,2025-12-05,128,9,4,0.05,1173.1
11945,2025-03-11,104,20,4,0,982.56
11946,2025-03-29,266,4,1,0.1,357.84
11947,2025-01-14,280,2,2,0.1,827.8
11948,2025-01-02,277,3,1,0,260.3
11949,2025-01-03,128,5,5,0,4576.95
11950,2025-05-12,434,8,1,0.1,899.68
11951,2025-12-17,5,20,5,0,1228.2
11952,2025-06-27,296,15,4,0.15,2662.1
11953,2025-02-28,274,12,4,0.1,2343.56
11954,2025-01-10,44,19,4,0.1,4103.78
11955,2025-05-17,134,10,5,0,528.15
11956,2025-10-30,144,8,3,0.1,2699.05
11957,2025-08-11,368,3,2,0,520.6
11958,2025-08-27,354,6,4,0,1839.68
11959,2025-01-10,221,4,3,0.05,1133.16
11960,2025-03-28,400,2,4,0,1839.56
11961,2025-09-25,382,6,3,0.1,1241.78
11962,2025-10-27,183,11,2,0,62.2
11963,2025-10-28,363,17,3,0.1,2119.2
11964,2025-07-25,277,17,3,0.15,2001.47
11965,2025-04-09,295,7,5,0.1,4069.8
11966,2025-04-08,141,12,5,0,3254.95
11967,2025-04-01,273,2,2,0.15,781.81
11968,2025-08-14,151,18,4,0,3628.2
11969,2025-06-05,402,10,3,0,316.89
11970,2025-12-09,375,8,4,0,3998.6
11971,2025-11-14,194,2,1,0.15,390.91
11972,2025-06-23,169,15,2,0.1,1409.35
11973,2025-08-15,309,10,4,0,422.52
11974,2025-04-22,54,17,3,0,2354.67
11975,2025-01-09,364,19,1,0,1139.94
11976,2025-03-26,147,19,4,0.15,3875.8
11977,2025-03-22,480,11,2,0.05,59.09
11978,2025-06-12,205,3,1,0,260.3
11979,2025-09-09,58,14,4,0,1700.6
11980,2025-11-08,421,17,4,0,3139.56
11981,2025-07-13,46,1,4,0.05,258.17
11982,2025-08-17,259,20,5,0,1228.2
11983,2025-03-08,362,10,3,0.1,285.2
11984,2025-03-08,185,18,5,0,4535.25
11985,2025-05-09,286,11,1,0.05,29.55
11986,2025-11-17,370,10,3,0,316.89
11987,2025-10-22,353,8,5,0.1,4498.43
11988,2025-04-12,100,17,3,0.1,2119.2
11989,2025-11-05,486,13,1,0.15,1019.91
11990,2025-05-31,62,9,5,0.15,1312.02
11991,2025-03-12,201,2,5,0.1,2069.51
11992,2025-04-26,407,11,2,0.15,52.87
11993,2025-02-09,364,8,3,0,2998.95
11994,2025-01-09,12,16,4,0.15,3193.38
11995,2025-11-13,409,4,1,0.05,377.72
11996,2025-12-23,362,17,4,0.15,2668.63
11997,2025-02-08,218,1,3,0,203.82
11998,2025-05-03,264,8,3,0.05,2849.0
11999,2025-11-07,37,6,5,0,2299.6
12000,2025-06-27,309,9,3,0,926.13
